<?xml version="1.0" encoding="UTF-8"?>
<project version="4">
  <component name="ChangeListManager">
    <list default="true" id="6e7dc351-2ee3-48ca-b96d-4c06ca4b1d0b" name="Changes" comment="">
      <change beforePath="$PROJECT_DIR$/../.env" beforeDir="false" afterPath="$PROJECT_DIR$/../.env" afterDir="false" />
      <change beforePath="$PROJECT_DIR$/.idea/.gitignore" beforeDir="false" />
      <change beforePath="$PROJECT_DIR$/.idea/dataSources.local.xml" beforeDir="false" />
      <change beforePath="$PROJECT_DIR$/.idea/dataSources.xml" beforeDir="false" />
      <change beforePath="$PROJECT_DIR$/.idea/dataSources/25445d32-caac-4419-9c8c-b686ef1c24e6.xml" beforeDir="false" />
      <change beforePath="$PROJECT_DIR$/.idea/dataSources/desktop.ini" beforeDir="false" />
      <change beforePath="$PROJECT_DIR$/.idea/desktop.ini" beforeDir="false" />
      <change beforePath="$PROJECT_DIR$/.idea/inspectionProfiles/desktop.ini" beforeDir="false" />
      <change beforePath="$PROJECT_DIR$/.idea/inspectionProfiles/profiles_settings.xml" beforeDir="false" afterPath="$PROJECT_DIR$/.idea/inspectionProfiles/profiles_settings.xml" afterDir="false" />
      <change beforePath="$PROJECT_DIR$/.idea/misc.xml" beforeDir="false" afterPath="$PROJECT_DIR$/.idea/misc.xml" afterDir="false" />
      <change beforePath="$PROJECT_DIR$/.idea/modules.xml" beforeDir="false" />
      <change beforePath="$PROJECT_DIR$/.idea/monolithic.iml" beforeDir="false" afterPath="$PROJECT_DIR$/.idea/monolithic.iml" afterDir="false" />
      <change beforePath="$PROJECT_DIR$/Dockerfile" beforeDir="false" afterPath="$PROJECT_DIR$/Dockerfile" afterDir="false" />
      <change beforePath="$PROJECT_DIR$/README.md" beforeDir="false" />
      <change beforePath="$PROJECT_DIR$/app.py" beforeDir="false" />
      <change beforePath="$PROJECT_DIR$/application/__init__.py" beforeDir="false" />
      <change beforePath="$PROJECT_DIR$/application/config.py" beforeDir="false" />
      <change beforePath="$PROJECT_DIR$/application/desktop.ini" beforeDir="false" />
      <change beforePath="$PROJECT_DIR$/application/models.py" beforeDir="false" />
      <change beforePath="$PROJECT_DIR$/application/routes.py" beforeDir="false" />
      <change beforePath="$PROJECT_DIR$/client.db" beforeDir="false" />
      <change beforePath="$PROJECT_DIR$/desktop.ini" beforeDir="false" />
      <change beforePath="$PROJECT_DIR$/../docker-compose.yml" beforeDir="false" afterPath="$PROJECT_DIR$/../docker-compose.yml" afterDir="false" />
      <change beforePath="$PROJECT_DIR$/../haproxy/haproxy.cfg" beforeDir="false" afterPath="$PROJECT_DIR$/../haproxy/haproxy.cfg" afterDir="false" />
    </list>
    <option name="SHOW_DIALOG" value="false" />
    <option name="HIGHLIGHT_CONFLICTS" value="true" />
    <option name="HIGHLIGHT_NON_ACTIVE_CHANGELIST" value="false" />
    <option name="LAST_RESOLUTION" value="IGNORE" />
  </component>
  <component name="Git.Settings">
    <option name="RECENT_GIT_ROOT_PATH" value="$PROJECT_DIR$/../.." />
  </component>
  <component name="ProjectId" id="1ylAiSbaXrQn2AjCxsKan5aKkMf" />
  <component name="ProjectLevelVcsManager" settingsEditedManually="true" />
  <component name="ProjectViewState">
    <option name="hideEmptyMiddlePackages" value="true" />
    <option name="showLibraryContents" value="true" />
  </component>
  <component name="PropertiesComponent">
    <property name="RunOnceActivity.OpenProjectViewOnStart" value="true" />
    <property name="RunOnceActivity.ShowReadmeOnStart" value="true" />
    <property name="WebServerToolWindowFactoryState" value="false" />
    <property name="last_opened_file_path" value="$PROJECT_DIR$/../../../../load-balancer-7-http-api-gateway-master/flask_app/app" />
    <property name="settings.editor.selected.configurable" value="com.jetbrains.python.configuration.PyActiveSdkModuleConfigurable" />
  </component>
  <component name="RunManager" selected="Python.app (1)">
    <configuration name="app (1)" type="PythonConfigurationType" factoryName="Python" temporary="true" nameIsGenerated="true">
      <option name="INTERPRETER_OPTIONS" value="" />
      <option name="PARENT_ENVS" value="true" />
      <envs>
        <env name="PYTHONUNBUFFERED" value="1" />
      </envs>
      <option name="SDK_HOME" value="" />
      <option name="WORKING_DIRECTORY" value="$PROJECT_DIR$/app" />
      <option name="IS_MODULE_SDK" value="false" />
      <option name="ADD_CONTENT_ROOTS" value="true" />
      <option name="ADD_SOURCE_ROOTS" value="true" />
      <module name="" />
      <EXTENSION ID="PythonCoverageRunConfigurationExtension" runner="coverage.py" />
      <option name="SCRIPT_NAME" value="$PROJECT_DIR$/app/app.py" />
      <option name="PARAMETERS" value="" />
      <option name="SHOW_COMMAND_LINE" value="false" />
      <option name="EMULATE_TERMINAL" value="false" />
      <option name="MODULE_MODE" value="false" />
      <option name="REDIRECT_INPUT" value="false" />
      <option name="INPUT_FILE" value="" />
      <method v="2" />
    </configuration>
    <configuration name="app" type="PythonConfigurationType" factoryName="Python" temporary="true" nameIsGenerated="true">
      <module name="monolithic" />
      <option name="INTERPRETER_OPTIONS" value="" />
      <option name="PARENT_ENVS" value="true" />
      <envs>
        <env name="PYTHONUNBUFFERED" value="1" />
        <env name="SQLALCHEMY_DATABASE_URI" value="sqlite:///clients.db?check_same_thread=False" />
        <env name="SQLALCHEMY_TRACK_MODIFICATIONS" value="False" />
      </envs>
      <option name="SDK_HOME" value="" />
      <option name="WORKING_DIRECTORY" value="$PROJECT_DIR$" />
      <option name="IS_MODULE_SDK" value="true" />
      <option name="ADD_CONTENT_ROOTS" value="true" />
      <option name="ADD_SOURCE_ROOTS" value="true" />
      <EXTENSION ID="PythonCoverageRunConfigurationExtension" runner="coverage.py" />
      <option name="SCRIPT_NAME" value="$PROJECT_DIR$/app.py" />
      <option name="PARAMETERS" value="" />
      <option name="SHOW_COMMAND_LINE" value="false" />
      <option name="EMULATE_TERMINAL" value="false" />
      <option name="MODULE_MODE" value="false" />
      <option name="REDIRECT_INPUT" value="false" />
      <option name="INPUT_FILE" value="" />
      <method v="2" />
    </configuration>
    <recent_temporary>
      <list>
        <item itemvalue="Python.app (1)" />
        <item itemvalue="Python.app" />
      </list>
    </recent_temporary>
  </component>
  <component name="SpellCheckerSettings" RuntimeDictionaries="0" Folders="0" CustomDictionaries="0" DefaultDictionary="application-level" UseSingleDictionary="true" transferred="true" />
  <component name="TaskManager">
    <task active="true" id="Default" summary="Default task">
      <changelist id="6e7dc351-2ee3-48ca-b96d-4c06ca4b1d0b" name="Changes" comment="" />
      <created>1632815927696</created>
      <option name="number" value="Default" />
      <option name="presentableId" value="Default" />
      <updated>1632815927696</updated>
      <workItem from="1632815930710" duration="2546000" />
      <workItem from="1632989379026" duration="4455000" />
      <workItem from="1633596465189" duration="599000" />
      <workItem from="1633708214769" duration="20000" />
      <workItem from="1633709536574" duration="10000" />
      <workItem from="1633709553289" duration="1228000" />
      <workItem from="1633716205965" duration="15000" />
      <workItem from="1633716229485" duration="135000" />
    </task>
    <servers />
  </component>
  <component name="TypeScriptGeneratedFilesManager">
    <option name="version" value="3" />
  </component>
  <component name="Vcs.Log.Tabs.Properties">
    <option name="TAB_STATES">
      <map>
        <entry key="MAIN">
          <value>
            <State />
          </value>
        </entry>
      </map>
    </option>
    <option name="oldMeFiltersMigrated" value="true" />
  </component>
  <component name="com.intellij.coverage.CoverageDataManagerImpl">
    <SUITE FILE_PATH="coverage/client$app.coverage" NAME="app Coverage Results" MODIFIED="1633709588330" SOURCE_PROVIDER="com.intellij.coverage.DefaultCoverageFileProvider" RUNNER="coverage.py" COVERAGE_BY_TEST_ENABLED="true" COVERAGE_TRACING_ENABLED="false" WORKING_DIRECTORY="$PROJECT_DIR$" />
  </component>
</project>